{
  "l0_11": {
    "l2_loss": 112.4625,
    "l1_loss": 294.98,
    "l0": 10.93445186138153,
    "frac_variance_explained": 0.6327734375,
    "cossim": 0.85431640625,
    "l2_ratio": 0.86056640625,
    "relative_reconstruction_bias": 1.005078125,
    "loss_original": 1.6856636250019073,
    "loss_reconstructed": 3.418872675895691,
    "loss_zero": 12.452932348251343,
    "frac_recovered": 0.8388866892457009,
    "frac_alive": 0.3646240234375,
    "hyperparameters": {
      "n_inputs": 200,
      "context_length": 1024,
      "l0": 11,
      "layer": 20,
      "width": "32k"
    }
  },
  "l0_344": {
    "l2_loss": 71.4225,
    "l1_loss": 1680.2,
    "l0": 373.9029344177246,
    "frac_variance_explained": 0.84953125,
    "cossim": 0.9430859375,
    "l2_ratio": 0.93935546875,
    "relative_reconstruction_bias": 0.997265625,
    "loss_original": 1.6856636250019073,
    "loss_reconstructed": 2.3424208968877793,
    "loss_zero": 12.452932348251343,
    "frac_recovered": 0.9388482755422592,
    "frac_alive": 0.9266357421875,
    "hyperparameters": {
      "n_inputs": 200,
      "context_length": 1024,
      "l0": 344,
      "layer": 20,
      "width": "32k"
    }
  },
  "l0_57": {
    "l2_loss": 94.0975,
    "l1_loss": 634.64,
    "l0": 56.81004552841186,
    "frac_variance_explained": 0.738984375,
    "cossim": 0.90009765625,
    "l2_ratio": 0.90251953125,
    "relative_reconstruction_bias": 1.005,
    "loss_original": 1.6856636250019073,
    "loss_reconstructed": 2.9618489557504653,
    "loss_zero": 12.452932348251343,
    "frac_recovered": 0.8811619010567665,
    "frac_alive": 0.687347412109375,
    "hyperparameters": {
      "n_inputs": 200,
      "context_length": 1024,
      "l0": 57,
      "layer": 20,
      "width": "32k"
    }
  }
}