{
  "l0_11": {
    "l2_loss": 115.36,
    "l1_loss": 297.6,
    "l0": 11.156475143432617,
    "frac_variance_explained": 0.6134765625,
    "cossim": 0.84646484375,
    "l2_ratio": 0.85796875,
    "relative_reconstruction_bias": 1.0109765625,
    "loss_original": 1.6856636250019073,
    "loss_reconstructed": 3.464529982805252,
    "loss_zero": 12.452932348251343,
    "frac_recovered": 0.8345579555630684,
    "frac_alive": 0.48248291015625,
    "hyperparameters": {
      "n_inputs": 200,
      "context_length": 1024,
      "l0": 11,
      "layer": 20,
      "width": "16k"
    }
  },
  "l0_138": {
    "l2_loss": 88.0825,
    "l1_loss": 1112.14,
    "l0": 145.12886955261231,
    "frac_variance_explained": 0.77126953125,
    "cossim": 0.913046875,
    "l2_ratio": 0.91302734375,
    "relative_reconstruction_bias": 1.0023828125,
    "loss_original": 1.6856636250019073,
    "loss_reconstructed": 2.474495548605919,
    "loss_zero": 12.452932348251343,
    "frac_recovered": 0.9265062302350998,
    "frac_alive": 0.94677734375,
    "hyperparameters": {
      "n_inputs": 200,
      "context_length": 1024,
      "l0": 138,
      "layer": 20,
      "width": "16k"
    }
  },
  "l0_20": {
    "l2_loss": 109.3975,
    "l1_loss": 386.04,
    "l0": 19.662725944519043,
    "frac_variance_explained": 0.65078125,
    "cossim": 0.86265625,
    "l2_ratio": 0.8654296875,
    "relative_reconstruction_bias": 1.00279296875,
    "loss_original": 1.6856636250019073,
    "loss_reconstructed": 3.8314437663555143,
    "loss_zero": 12.452932348251343,
    "frac_recovered": 0.8004181197285652,
    "frac_alive": 0.5892333984375,
    "hyperparameters": {
      "n_inputs": 200,
      "context_length": 1024,
      "l0": 20,
      "layer": 20,
      "width": "16k"
    }
  },
  "l0_310": {
    "l2_loss": 76.9325,
    "l1_loss": 1913.4,
    "l0": 349.6590867614746,
    "frac_variance_explained": 0.82638671875,
    "cossim": 0.9335546875,
    "l2_ratio": 0.9355078125,
    "relative_reconstruction_bias": 1.002734375,
    "loss_original": 1.6856636250019073,
    "loss_reconstructed": 2.212984192967415,
    "loss_zero": 12.452932348251343,
    "frac_recovered": 0.9509008339047432,
    "frac_alive": 0.97930908203125,
    "hyperparameters": {
      "n_inputs": 200,
      "context_length": 1024,
      "l0": 310,
      "layer": 20,
      "width": "16k"
    }
  },
  "l0_36": {
    "l2_loss": 102.845,
    "l1_loss": 521.41,
    "l0": 36.351931190490724,
    "frac_variance_explained": 0.68970703125,
    "cossim": 0.87951171875,
    "l2_ratio": 0.88345703125,
    "relative_reconstruction_bias": 1.0071484375,
    "loss_original": 1.6856636250019073,
    "loss_reconstructed": 3.5899930918216705,
    "loss_zero": 12.452932348251343,
    "frac_recovered": 0.8227727767825127,
    "frac_alive": 0.71282958984375,
    "hyperparameters": {
      "n_inputs": 200,
      "context_length": 1024,
      "l0": 36,
      "layer": 20,
      "width": "16k"
    }
  },
  "l0_408": {
    "l2_loss": 72.18,
    "l1_loss": 2265.72,
    "l0": 470.62955078125,
    "frac_variance_explained": 0.848359375,
    "cossim": 0.9412890625,
    "l2_ratio": 0.94259765625,
    "relative_reconstruction_bias": 1.0040234375,
    "loss_original": 1.6856636250019073,
    "loss_reconstructed": 2.2637750816345217,
    "loss_zero": 12.452932348251343,
    "frac_recovered": 0.9461301600933075,
    "frac_alive": 0.97576904296875,
    "hyperparameters": {
      "n_inputs": 200,
      "context_length": 1024,
      "l0": 408,
      "layer": 20,
      "width": "16k"
    }
  },
  "l0_58": {
    "l2_loss": 98.235,
    "l1_loss": 653.64,
    "l0": 58.529964199066164,
    "frac_variance_explained": 0.717890625,
    "cossim": 0.89068359375,
    "l2_ratio": 0.8910546875,
    "relative_reconstruction_bias": 1.00337890625,
    "loss_original": 1.6856636250019073,
    "loss_reconstructed": 2.933863332271576,
    "loss_zero": 12.452932348251343,
    "frac_recovered": 0.8838360524177551,
    "frac_alive": 0.8084716796875,
    "hyperparameters": {
      "n_inputs": 200,
      "context_length": 1024,
      "l0": 58,
      "layer": 20,
      "width": "16k"
    }
  },
  "l0_68": {
    "l2_loss": 96.1825,
    "l1_loss": 705.18,
    "l0": 68.60614864349365,
    "frac_variance_explained": 0.7278515625,
    "cossim": 0.89513671875,
    "l2_ratio": 0.89564453125,
    "relative_reconstruction_bias": 1.00283203125,
    "loss_original": 1.6856636250019073,
    "loss_reconstructed": 2.8333237397670747,
    "loss_zero": 12.452932348251343,
    "frac_recovered": 0.8931906768679618,
    "frac_alive": 0.8431396484375,
    "hyperparameters": {
      "n_inputs": 200,
      "context_length": 1024,
      "l0": 68,
      "layer": 20,
      "width": "16k"
    }
  }
}